<?xml version="1.0" encoding="UTF-8"?>
<library>
    <book>
        <title>El Quijote</title>
        <author>Miguel de Cervantes</author>
        <year>1605</year>
    </book>
    <book>
        <title>Cien años de soledad</title>
        <author>Gabriel García Márquez</author>
        <year>1967</year>
    </book>
    <book>
        <title>1984</title>
        <author>George Orwell</author>
        <year>1949</year>
    </book>
    <book>
        <title>El Principito</title>
        <author>Antoine de Saint-Exupéry</author>
        <year>1943</year>
    </book>
    <book>
        <title>Orgullo y Prejuicio</title>
        <author>Jane Austen</author>
        <year>1813</year>
    </book>
    <book>
        <title>La Odisea</title>
        <author>Homero</author>
        <year>800 a.C.</year>
    </book>
</library>
